# P7-1 summary: natural mode, 2-hop RE = re_median_large[financial=2hop_topbot | imdb=cross_r1r2 | instacart=cross_r1r2 | movielens=cross_r1r2] (large queries, prereg query_seed=123, 150 queries/class, large_count=50)
# bootstrap: 1000 resamples of per-seed means, RNG seed 42; series labels follow final figures (denorm excluded; PrivMRF = privmrf+pertable, pertable preferred)
dataset	series	eps	n	mean	median	std	boot_lo	boot_hi
financial	chainnpm	0.1	10	4.191144	3.881116	2.567239	2.796252	5.859672
financial	chainnpm	0.2	10	2.905660	2.438363	1.862755	1.883281	4.186369
financial	chainnpm	0.4	10	1.770722	1.682514	0.989354	1.259174	2.414956
financial	chainnpm	0.8	10	1.162510	0.905104	0.619929	0.860930	1.551880
financial	chainnpm	1.6	10	0.700962	0.689924	0.244767	0.563385	0.847339
financial	chainnpm	3.2	10	0.462003	0.435439	0.137166	0.395582	0.550305
financial	privpetal	0.1	10	0.287253	0.292124	0.019894	0.275149	0.298427
financial	privpetal	0.2	10	0.495522	0.508325	0.065606	0.453363	0.529874
financial	privpetal	0.4	10	0.723903	0.731658	0.042108	0.699813	0.746347
financial	privpetal	0.8	10	0.846100	0.842089	0.037439	0.824835	0.868552
financial	privpetal	1.6	10	0.916961	0.916581	0.018474	0.906264	0.927852
financial	privpetal	3.2	10	0.940393	0.942988	0.006759	0.936389	0.944259
financial	lavaprop	0.1	10	0.360004	0.340210	0.041851	0.335144	0.385425
financial	lavaprop	0.2	10	0.394100	0.379835	0.042485	0.370640	0.420913
financial	lavaprop	0.4	10	0.355856	0.342865	0.065437	0.321212	0.393300
financial	lavaprop	0.8	10	0.370631	0.368581	0.032837	0.351566	0.390449
financial	lavaprop	1.6	10	0.344689	0.330353	0.052383	0.314661	0.377007
financial	lavaprop	3.2	10	0.342065	0.342956	0.033213	0.322865	0.361584
financial	privmrf	0.1	10	0.310209	0.287545	0.167287	0.222495	0.414314
financial	privmrf	0.2	10	0.218614	0.218321	0.089999	0.166166	0.273905
financial	privmrf	0.4	10	0.207153	0.169765	0.132640	0.137002	0.288413
financial	privmrf	0.8	10	0.132496	0.096882	0.073238	0.092922	0.175403
financial	privmrf	1.6	10	0.153594	0.135691	0.062606	0.117739	0.189342
financial	privmrf	3.2	10	0.159538	0.155525	0.070755	0.121958	0.201362
financial	privbayes	0.1	10	0.607538	0.517954	0.264073	0.466046	0.747445
financial	privbayes	0.2	10	0.614698	0.496037	0.304816	0.439962	0.791415
financial	privbayes	0.4	10	0.534915	0.401705	0.332984	0.355709	0.750355
financial	privbayes	0.8	10	0.143228	0.138271	0.063972	0.107982	0.182273
financial	privbayes	1.6	10	0.175277	0.173387	0.056708	0.144565	0.209524
financial	privbayes	3.2	10	0.121339	0.118603	0.049243	0.095777	0.151726
financial	pbpgm	0.1	10	0.902131	1.000000	0.261382	0.735782	1.000000
financial	pbpgm	0.2	10	0.758949	0.850964	0.272180	0.603551	0.912733
financial	pbpgm	0.4	10	0.663571	0.690692	0.238872	0.520865	0.805649
financial	pbpgm	0.8	10	0.297631	0.280242	0.116106	0.234947	0.370280
financial	pbpgm	1.6	10	0.261134	0.266725	0.109606	0.201324	0.329612
financial	pbpgm	3.2	10	0.162112	0.136707	0.088502	0.115854	0.211377
imdb	chainnpm	0.1	10	0.229417	0.230410	0.010135	0.223119	0.234954
imdb	chainnpm	0.2	10	0.198310	0.197171	0.008746	0.192943	0.203705
imdb	chainnpm	0.4	10	0.176627	0.177602	0.006395	0.172700	0.180587
imdb	chainnpm	0.8	10	0.161190	0.160696	0.005376	0.158017	0.164508
imdb	chainnpm	1.6	10	0.152952	0.151434	0.005572	0.150141	0.156550
imdb	chainnpm	3.2	10	0.149943	0.148925	0.005264	0.147238	0.153317
imdb	privpetal	0.1	10	0.604718	0.641043	0.074326	0.558874	0.642820
imdb	privpetal	0.2	10	0.304497	0.306378	0.031566	0.286212	0.322611
imdb	privpetal	0.4	10	0.319725	0.312687	0.031223	0.302620	0.339147
imdb	privpetal	0.8	10	0.287852	0.292510	0.035662	0.268251	0.306846
imdb	privpetal	1.6	10	0.364027	0.331841	0.104476	0.311843	0.431079
imdb	privpetal	3.2	10	0.375943	0.364186	0.067978	0.344856	0.416939
imdb	lavaprop	0.1	10	0.999127	0.999198	0.000189	0.999013	0.999232
imdb	lavaprop	0.2	10	0.999201	0.999198	0.000127	0.999130	0.999273
imdb	lavaprop	0.4	10	0.999264	0.999285	0.000086	0.999210	0.999311
imdb	lavaprop	0.8	10	0.999179	0.999175	0.000157	0.999085	0.999273
imdb	lavaprop	1.6	10	0.999095	0.999083	0.000141	0.999022	0.999177
imdb	lavaprop	3.2	10	0.999230	0.999267	0.000180	0.999114	0.999324
imdb	privmrf	0.1	10	0.208626	0.206546	0.009045	0.203626	0.214304
imdb	privmrf	0.2	10	0.203606	0.203135	0.006837	0.199687	0.207590
imdb	privmrf	0.4	10	0.200364	0.201211	0.005083	0.197176	0.203267
imdb	privmrf	0.8	10	0.201296	0.200067	0.007210	0.197167	0.205813
imdb	privmrf	1.6	10	0.196884	0.196302	0.003657	0.194896	0.199214
imdb	privmrf	3.2	10	0.198269	0.198786	0.004428	0.195853	0.200645
imdb	privbayes	0.1	10	0.222974	0.223932	0.011155	0.216756	0.228974
imdb	privbayes	0.2	10	0.215041	0.215512	0.005665	0.211826	0.218335
imdb	privbayes	0.4	10	0.210971	0.209563	0.009043	0.206180	0.216538
imdb	privbayes	0.8	10	0.203708	0.203958	0.006514	0.199856	0.207570
imdb	privbayes	1.6	10	0.199903	0.203828	0.009928	0.193938	0.205935
imdb	privbayes	3.2	10	0.204666	0.204022	0.006774	0.200974	0.208765
imdb	pbpgm	0.1	10	0.222393	0.224442	0.013610	0.214206	0.229608
imdb	pbpgm	0.2	10	0.211786	0.210273	0.007172	0.207715	0.216145
imdb	pbpgm	0.4	10	0.211631	0.212906	0.006116	0.208052	0.214750
imdb	pbpgm	0.8	10	0.208427	0.205506	0.007346	0.203985	0.212938
imdb	pbpgm	1.6	10	0.205164	0.201849	0.009571	0.199960	0.211232
imdb	pbpgm	3.2	10	0.206356	0.205232	0.006377	0.202910	0.210450
instacart	chainnpm	0.1	10	0.576039	0.567438	0.120523	0.507855	0.648645
instacart	chainnpm	0.2	10	0.548130	0.558292	0.068359	0.508293	0.587664
instacart	chainnpm	0.4	10	0.420765	0.418889	0.029295	0.403680	0.437584
instacart	chainnpm	0.8	10	0.350655	0.348357	0.035311	0.332047	0.373827
instacart	chainnpm	1.6	10	0.391897	0.383362	0.034510	0.372187	0.411766
instacart	chainnpm	3.2	10	0.447491	0.451793	0.023434	0.435052	0.462778
instacart	privpetal	0.1	10	1.191721	1.207270	0.041710	1.166478	1.216140
instacart	privpetal	0.2	10	1.030244	1.032389	0.035727	1.009253	1.050843
instacart	privpetal	0.4	10	0.453334	0.453621	0.018612	0.442211	0.464309
instacart	privpetal	0.8	10	0.444570	0.444328	0.012576	0.437274	0.452129
instacart	privpetal	1.6	10	0.441932	0.442837	0.008280	0.436608	0.446481
instacart	privpetal	3.2	10	0.438557	0.438256	0.004081	0.436320	0.441012
instacart	lavaprop	0.1	10	0.908198	0.904419	0.012269	0.901160	0.915679
instacart	lavaprop	0.2	10	0.902850	0.900831	0.006380	0.899649	0.906741
instacart	lavaprop	0.4	10	0.909227	0.908250	0.004610	0.906919	0.912228
instacart	lavaprop	0.8	10	0.920179	0.919829	0.003290	0.918364	0.922173
instacart	lavaprop	1.6	10	0.933017	0.933662	0.005216	0.930008	0.936129
instacart	lavaprop	3.2	10	0.952802	0.953424	0.005074	0.949730	0.955602
instacart	privmrf	0.1	10	0.496340	0.505970	0.019961	0.484934	0.508141
instacart	privmrf	0.2	10	0.493779	0.496997	0.040295	0.473030	0.519152
instacart	privmrf	0.4	10	0.478122	0.471081	0.039019	0.456022	0.500840
instacart	privmrf	0.8	10	0.504366	0.502095	0.036998	0.484153	0.525783
instacart	privmrf	1.6	10	0.485422	0.490547	0.034276	0.463688	0.503161
instacart	privmrf	3.2	10	0.491069	0.480562	0.048629	0.465218	0.522678
instacart	privbayes	0.1	10	0.669970	0.666014	0.050347	0.642059	0.702313
instacart	privbayes	0.2	10	0.548786	0.547914	0.021241	0.536014	0.560822
instacart	privbayes	0.4	10	0.507397	0.501397	0.047653	0.479866	0.535755
instacart	privbayes	0.8	10	0.485888	0.488152	0.009599	0.480289	0.491256
instacart	privbayes	1.6	10	0.478906	0.478730	0.048957	0.452024	0.511905
instacart	privbayes	3.2	10	0.481670	0.481449	0.010198	0.475071	0.487312
instacart	pbpgm	0.1	10	0.516942	0.500932	0.040809	0.494500	0.540648
instacart	pbpgm	0.2	10	0.474332	0.477188	0.014714	0.465485	0.482615
instacart	pbpgm	0.4	10	0.474135	0.469196	0.029183	0.458051	0.491294
instacart	pbpgm	0.8	10	0.478456	0.479358	0.010366	0.472344	0.484213
instacart	pbpgm	1.6	10	0.474081	0.479125	0.036315	0.450305	0.492702
instacart	pbpgm	3.2	10	0.477279	0.476058	0.011840	0.470445	0.484498
movielens	chainnpm	0.1	10	0.932555	0.975831	0.096432	0.872585	0.985830
movielens	chainnpm	0.2	10	0.807283	0.777242	0.104462	0.753077	0.872444
movielens	chainnpm	0.4	10	0.728141	0.726933	0.060836	0.694694	0.763836
movielens	chainnpm	0.8	10	0.664198	0.665339	0.071765	0.622892	0.707828
movielens	chainnpm	1.6	10	0.608311	0.616233	0.082651	0.565666	0.657979
movielens	chainnpm	3.2	10	0.516368	0.515751	0.057878	0.486082	0.552065
movielens	privpetal	0.1	10	0.667127	0.666655	0.025445	0.651920	0.681867
movielens	privpetal	0.2	10	0.787316	0.773891	0.063110	0.760525	0.831043
movielens	privpetal	0.4	10	0.832117	0.818057	0.048272	0.815094	0.863152
movielens	privpetal	0.8	10	0.812929	0.800706	0.032850	0.799222	0.835135
movielens	privpetal	1.6	10	0.814065	0.810638	0.009329	0.808887	0.819897
movielens	privpetal	3.2	10	0.816512	0.816626	0.007378	0.812680	0.821255
movielens	lavaprop	0.1	10	0.978578	0.980535	0.005659	0.975310	0.982033
movielens	lavaprop	0.2	10	0.982651	0.982709	0.004278	0.980133	0.984913
movielens	lavaprop	0.4	10	0.981689	0.981877	0.006171	0.977900	0.984955
movielens	lavaprop	0.8	10	0.970585	0.968563	0.008009	0.966157	0.975453
movielens	lavaprop	1.6	10	0.974524	0.974167	0.005356	0.971695	0.977509
movielens	lavaprop	3.2	10	0.963389	0.963382	0.005856	0.960112	0.967014
movielens	privmrf	0.1	10	0.388978	0.388572	0.027124	0.373304	0.406240
movielens	privmrf	0.2	10	0.355236	0.354112	0.017557	0.344815	0.366249
movielens	privmrf	0.4	10	0.344382	0.347462	0.037414	0.322146	0.364840
movielens	privmrf	0.8	10	0.341590	0.340568	0.015186	0.331784	0.349787
movielens	privmrf	1.6	10	0.333353	0.338203	0.025730	0.318186	0.347851
movielens	privmrf	3.2	10	0.329961	0.331137	0.017929	0.318259	0.340148
movielens	privbayes	0.1	10	0.417914	0.410990	0.051298	0.389293	0.448681
movielens	privbayes	0.2	10	0.372045	0.381017	0.035285	0.349046	0.391325
movielens	privbayes	0.4	10	0.367265	0.360547	0.020873	0.355512	0.378894
movielens	privbayes	0.8	10	0.346009	0.344067	0.013148	0.338475	0.354772
movielens	privbayes	1.6	10	0.346162	0.346134	0.024122	0.331771	0.360240
movielens	privbayes	3.2	10	0.332423	0.326614	0.015479	0.324609	0.341279
movielens	pbpgm	0.1	10	0.449848	0.453404	0.072364	0.408952	0.491956
movielens	pbpgm	0.2	10	0.389864	0.392798	0.021787	0.376691	0.402133
movielens	pbpgm	0.4	10	0.373175	0.379385	0.025834	0.357147	0.388609
movielens	pbpgm	0.8	10	0.343739	0.342026	0.016557	0.334349	0.354133
movielens	pbpgm	1.6	10	0.349068	0.350546	0.028823	0.331920	0.367579
movielens	pbpgm	3.2	10	0.326377	0.325732	0.010266	0.320071	0.332245
